movieId,title,rating_count,avg_rating
1,Movie 1,17,3.676470588235294
77,Movie 77,15,3.433333333333333
32,Movie 32,14,3.392857142857143
60,Movie 60,16,3.15625
18,Movie 18,11,3.1363636363636362
