tag,rating_count,avg_rating
overrated,305,2.5475409836065572
family,241,2.6058091286307055
violent,390,2.655128205128205
classic,276,2.7119565217391304
underrated,421,2.7161520190023754
